登记时间,小说标题,CP类别,推文类型
2024/11/14,辣个温婉动人的门牙妹,HP德赫,简介
2024/11/14,假如赫敏和克鲁姆在一起,HP德赫,简介
2024/11/14,hot for teacher,HP德赫,简介
2024/11/14,再见，马尔福先生,HP德赫,简介
2024/10/14,i know you in trouble,HP德赫,书评
2024/10/14,你的名字我的姓氏,HP德赫,书评
2024/10/14,god only knows,HP德赫,简介
2024/11/14,哈利觉得事情有点不太对,HP德哈,简介
2024/11/14,灰烬,HP德哈,简介
2024/10/14,secrect,HP德哈,书评
2024/10/14,雪盲,HP德哈,书评
2024/10/14,恒星时刻,HP德哈,书评
2024/10/14,暴风雨,HP德哈,书评
2024/10/14,show me your world,HP德哈,书评
2024/10/14,十日谈,HP德哈,简介
2024/10/14,哈德-蛇行,HP德哈,简介
2024/10/14,德拉科在衣柜里藏什么,HP德哈,简介
2024/10/14,德拉科一生只能最重要的十封信,HP德哈,简介
2024/10/14,家有芳邻,HP德哈,书评
2024/10/14,当母狮战斗,HP斯赫,书评
2024/10/14,the reason,HP斯赫,书评
2024/10/14,年年岁岁春与秋,HP斯赫,书评
2024/10/14,the Awakening,HP斯赫,书评
2024/10/14,50加隆穷人,HP斯赫,书评
2024/10/14,救赎,HP斯赫,书评
2024/10/14,现代魔药制作,HP斯赫,书评
2024/10/14,牙医家小女巫,HP斯赫,书评
2024/10/14,情迷意乱-heart over my mind,HP斯赫,书评
2024/10/14,Academic affairs,HP斯赫,书评
2024/10/14,夜盲,HP斯赫,书评
2024/10/14,攻略上司的108式,HP哈利,简介
2024/10/14,巫师与吸血鬼,HP哈利,简介
2024/10/14,月亮奔你而来,HP卢平,简介
2024/10/14,伊蕾妮一定是个天才,HP教授,简介
2024/10/14,星光,HP教授,简介
2024/10/14,和我一起下地狱吧，西弗,HP斯哈,简介
2024/10/14,我父母的沙雕巫师爱情,HP格邓,简介
2024/10/14,nirvana 涅槃,HP格邓,书评
2024/11/14,我的不被爱就会死的诅咒,HP西里斯,简介
